{
  "replaceAppleMusicLinks": true,
  "replaceApplePodcastsLinks": true,
  "replaceAppleTVLinks": true,
  "replaceBandcampLinks": true,
  "replaceCodepenLinks": true,
  "replaceFlatIOLinks": true,
  "replaceGitHubGistLinks": true,
  "replaceInstagramLinks": true,
  "replaceNoteflightLinks": true,
  "replaceRedditLinks": true,
  "replaceTwitterLinks": true,
  "replaceVimeoLinks": true,
  "replaceYouTubeLinks": true,
  "replaceEagleLinks": true,
  "twitterTheme": "auto",
  "keepEagleLinksInPreview": false,
  "FolderShowLink": true,
  "ItemShowLink": true,
  "FolderShowInnerLink": false,
  "codepenTheme": "auto",
  "codepenDefaultTab": "html",
  "codepenShowResult": true,
  "codepenClickToLoad": false,
  "codepenEditable": false,
  "redditTheme": "auto",
  "enableInLivePreview": true,
  "centerEmbeds": false,
  "keepLinksInPreview": false,
  "embedPlacement": "above",
  "disableAutomaticEmbeds": false,
  "keepEagleLinksInPre": true
}